{"cameraMode":{"drawMode":0,"name":"Shaded","section":"Shading Mode"},"sceneLighting":false,"audioPlay":false,"sceneViewState":{"m_AlwaysRefresh":false,"showFog":false,"showSkybox":false,"showFlares":false,"showImageEffects":false,"showParticleSystems":false,"showVisualEffectGraphs":true,"m_FxEnabled":true},"in2DMode":false,"pivot":{"x":0.016983330249786378,"y":0.8521840572357178,"z":0.002815544605255127},"rotation":{"x":0.001888386788778007,"y":-0.9969242811203003,"z":0.0743064135313034,"w":0.025408269837498666},"size":1.3215793371200562,"orthographic":false}