{"cameraMode":{"drawMode":0,"name":"Shaded","section":"Shading Mode"},"sceneLighting":false,"audioPlay":false,"sceneViewState":{"m_AlwaysRefresh":false,"showFog":false,"showSkybox":false,"showFlares":false,"showImageEffects":false,"showParticleSystems":false,"showVisualEffectGraphs":true,"m_FxEnabled":true},"in2DMode":false,"pivot":{"x":0.0004114806652069092,"y":0.8441450595855713,"z":-0.0070653557777404789},"rotation":{"x":-0.015063852071762085,"y":-0.9817453622817993,"z":0.08800037205219269,"w":-0.16803738474845887},"size":1.2571238279342652,"orthographic":false}