{"cameraMode":{"drawMode":0,"name":"Shaded","section":"Shading Mode"},"sceneLighting":false,"audioPlay":false,"sceneViewState":{"m_AlwaysRefresh":false,"showFog":false,"showSkybox":false,"showFlares":false,"showImageEffects":false,"showParticleSystems":false,"showVisualEffectGraphs":true,"m_FxEnabled":true},"in2DMode":false,"pivot":{"x":0.0000013113021850585938,"y":0.886932373046875,"z":-0.028655901551246644},"rotation":{"x":0.08923434466123581,"y":0.8477107882499695,"z":-0.15110355615615846,"w":0.5005969405174255},"size":1.5392894744873047,"orthographic":false}